{
    "name": "root",
    "gauges": {
        "Climber.Policy.Entropy.mean": {
            "value": 1.2454321384429932,
            "min": 1.2454321384429932,
            "max": 2.8011679649353027,
            "count": 150
        },
        "Climber.Policy.Entropy.sum": {
            "value": 43360.96484375,
            "min": 28726.33984375,
            "max": 128719.265625,
            "count": 150
        },
        "Climber.Environment.EpisodeLength.mean": {
            "value": 999.0,
            "min": 189.15822784810126,
            "max": 999.0,
            "count": 150
        },
        "Climber.Environment.EpisodeLength.sum": {
            "value": 29970.0,
            "min": 28971.0,
            "max": 30969.0,
            "count": 150
        },
        "Climber.Step.mean": {
            "value": 4499016.0,
            "min": 29843.0,
            "max": 4499016.0,
            "count": 150
        },
        "Climber.Step.sum": {
            "value": 4499016.0,
            "min": 29843.0,
            "max": 4499016.0,
            "count": 150
        },
        "Climber.Policy.ExtrinsicValueEstimate.mean": {
            "value": 10.01863956451416,
            "min": -0.4446415305137634,
            "max": 10.01863956451416,
            "count": 150
        },
        "Climber.Policy.ExtrinsicValueEstimate.sum": {
            "value": 300.5591735839844,
            "min": -34.15351486206055,
            "max": 300.5591735839844,
            "count": 150
        },
        "Climber.Environment.CumulativeReward.mean": {
            "value": 51.006705856323244,
            "min": -1.567369086641661,
            "max": 51.10399309794108,
            "count": 150
        },
        "Climber.Environment.CumulativeReward.sum": {
            "value": 1530.2011756896973,
            "min": -240.6907684803009,
            "max": 1533.1197929382324,
            "count": 150
        },
        "Climber.Policy.ExtrinsicReward.mean": {
            "value": 51.006705856323244,
            "min": -1.567369086641661,
            "max": 51.10399309794108,
            "count": 150
        },
        "Climber.Policy.ExtrinsicReward.sum": {
            "value": 1530.2011756896973,
            "min": -240.6907684803009,
            "max": 1533.1197929382324,
            "count": 150
        },
        "Climber.Losses.PolicyLoss.mean": {
            "value": 0.018467588591738603,
            "min": 0.011287934546514104,
            "max": 0.02248602322554992,
            "count": 150
        },
        "Climber.Losses.PolicyLoss.sum": {
            "value": 0.036935177183477205,
            "min": 0.011287934546514104,
            "max": 0.04253769783147921,
            "count": 150
        },
        "Climber.Losses.ValueLoss.mean": {
            "value": 0.004934233093323807,
            "min": 0.000963231396356908,
            "max": 0.056142597397168474,
            "count": 150
        },
        "Climber.Losses.ValueLoss.sum": {
            "value": 0.009868466186647613,
            "min": 0.000997277027151237,
            "max": 0.056142597397168474,
            "count": 150
        },
        "Climber.Policy.LearningRate.mean": {
            "value": 0.00016552456482516,
            "min": 0.00016552456482516,
            "max": 0.00029937981020673,
            "count": 150
        },
        "Climber.Policy.LearningRate.sum": {
            "value": 0.00033104912965032,
            "min": 0.00016646956451015995,
            "max": 0.0005956549214483599,
            "count": 150
        },
        "Climber.Policy.Epsilon.mean": {
            "value": 0.15517484000000004,
            "min": 0.15517484000000004,
            "max": 0.19979326999999997,
            "count": 150
        },
        "Climber.Policy.Epsilon.sum": {
            "value": 0.31034968000000007,
            "min": 0.15548984000000007,
            "max": 0.39855164,
            "count": 150
        },
        "Climber.Policy.Beta.mean": {
            "value": 0.0027632245160000004,
            "min": 0.0027632245160000004,
            "max": 0.004989684172999999,
            "count": 150
        },
        "Climber.Policy.Beta.sum": {
            "value": 0.005526449032000001,
            "min": 0.002778943016,
            "max": 0.009927726836,
            "count": 150
        },
        "Climber.IsTraining.mean": {
            "value": 1.0,
            "min": 1.0,
            "max": 1.0,
            "count": 150
        },
        "Climber.IsTraining.sum": {
            "value": 1.0,
            "min": 1.0,
            "max": 1.0,
            "count": 150
        }
    },
    "metadata": {
        "timer_format_version": "0.1.0",
        "start_time_seconds": "1774635371",
        "python_version": "3.10.12 (main, Jul  5 2023, 18:54:27) [GCC 11.2.0]",
        "command_line_arguments": "/home/jgrzyb/miniconda3/envs/mlagents/bin/mlagents-learn Assets/climber.yaml --run-id=no-reaction --force",
        "mlagents_version": "1.1.0",
        "mlagents_envs_version": "1.1.0",
        "communication_protocol_version": "1.5.0",
        "pytorch_version": "2.11.0+cu130",
        "numpy_version": "1.23.5",
        "end_time_seconds": "1774637480"
    },
    "total": 2108.526016255986,
    "count": 1,
    "self": 0.004727726976852864,
    "children": {
        "run_training.setup": {
            "total": 0.028947438986506313,
            "count": 1,
            "self": 0.028947438986506313
        },
        "TrainerController.start_learning": {
            "total": 2108.492341090023,
            "count": 1,
            "self": 0.8630457060353365,
            "children": {
                "TrainerController._reset_env": {
                    "total": 8.725166350981453,
                    "count": 1,
                    "self": 8.725166350981453
                },
                "TrainerController.advance": {
                    "total": 2098.8236205150024,
                    "count": 39676,
                    "self": 1.058760836836882,
                    "children": {
                        "env_step": {
                            "total": 1372.0293458921951,
                            "count": 39676,
                            "self": 1255.2175704704423,
                            "children": {
                                "SubprocessEnvManager._take_step": {
                                    "total": 116.26435230227071,
                                    "count": 39676,
                                    "self": 5.199289660376962,
                                    "children": {
                                        "TorchPolicy.evaluate": {
                                            "total": 111.06506264189375,
                                            "count": 35744,
                                            "self": 111.06506264189375
                                        }
                                    }
                                },
                                "workers": {
                                    "total": 0.5474231194821186,
                                    "count": 39676,
                                    "self": 0.0,
                                    "children": {
                                        "worker_root": {
                                            "total": 2107.052280517848,
                                            "count": 39676,
                                            "is_parallel": true,
                                            "self": 1052.74742725963,
                                            "children": {
                                                "run_training.setup": {
                                                    "total": 0.0,
                                                    "count": 0,
                                                    "is_parallel": true,
                                                    "self": 0.0,