{
    "name": "root",
    "gauges": {
        "Climber.Policy.Entropy.mean": {
            "value": 3.009730577468872,
            "min": 2.9443929195404053,
            "max": 4.191706657409668,
            "count": 500
        },
        "Climber.Policy.Entropy.sum": {
            "value": 3009.73046875,
            "min": 2944.392822265625,
            "max": 8382.955078125,
            "count": 500
        },
        "Climber.Climber.Height.mean": {
            "value": 8.797449913024902,
            "min": -1.2472231321930884,
            "max": 8.797449913024902,
            "count": 500
        },
        "Climber.Climber.Height.sum": {
            "value": 17594.899826049805,
            "min": -3312.8789856215008,
            "max": 17594.899826049805,
            "count": 500
        },
        "Climber.Climber.VelocityY.mean": {
            "value": 0.2144041768994648,
            "min": -0.11854314352816255,
            "max": 0.2144041768994648,
            "count": 500
        },
        "Climber.Climber.VelocityY.sum": {
            "value": 428.8083537989296,
            "min": -240.28420317657583,
            "max": 428.8083537989296,
            "count": 500
        },
        "Climber.Climber.VelocityX.mean": {
            "value": 0.08203044685116037,
            "min": -0.18699521745060338,
            "max": 0.1253145502237603,
            "count": 500
        },
        "Climber.Climber.VelocityX.sum": {
            "value": 164.06089370232075,
            "min": -373.99043490120675,
            "max": 250.6291004475206,
            "count": 500
        },
        "Climber.Climber.Strain.mean": {
            "value": 650.204942029953,
            "min": 200.21375896549225,
            "max": 904.3615917606354,
            "count": 500
        },
        "Climber.Climber.Strain.sum": {
            "value": 1300409.884059906,
            "min": 400427.5179309845,
            "max": 1808723.1835212708,
            "count": 500
        },
        "Climber.Climber.Gripping0.mean": {
            "value": 0.882,
            "min": 0.0,
            "max": 0.99,
            "count": 500
        },
        "Climber.Climber.Gripping0.sum": {
            "value": 1764.0,
            "min": 0.0,
            "max": 1980.0,
            "count": 500
        },
        "Climber.Climber.Gripping1.mean": {
            "value": 0.7985,
            "min": 0.0,
            "max": 0.9155,
            "count": 500
        },
        "Climber.Climber.Gripping1.sum": {
            "value": 1597.0,
            "min": 0.0,
            "max": 1831.0,
            "count": 500
        },
        "Climber.Climber.Gripping2.mean": {
            "value": 0.282,
            "min": 0.0,
            "max": 0.524,
            "count": 500
        },
        "Climber.Climber.Gripping2.sum": {
            "value": 564.0,
            "min": 0.0,
            "max": 1401.0,
            "count": 500
        },
        "Climber.Climber.Gripping3.mean": {
            "value": 0.2785,
            "min": 0.0,
            "max": 0.6465,
            "count": 500
        },
        "Climber.Climber.Gripping3.sum": {
            "value": 557.0,
            "min": 0.0,
            "max": 1293.0,
            "count": 500
        },
        "Climber.Environment.LessonNumber.decision_period.mean": {
            "value": 0.0,
            "min": 0.0,
            "max": 0.0,
            "count": 500
        },
        "Climber.Environment.LessonNumber.decision_period.sum": {
            "value": 0.0,
            "min": 0.0,
            "max": 0.0,
            "count": 500
        },
        "Climber.Environment.LessonNumber.decision_step.mean": {
            "value": 0.0,
            "min": 0.0,
            "max": 0.0,
            "count": 500
        },
        "Climber.Environment.LessonNumber.decision_step.sum": {
            "value": 0.0,
            "min": 0.0,
            "max": 0.0,
            "count": 500
        },
        "Climber.Environment.LessonNumber.take_actions_between_decisions.mean": {
            "value": 0.0,
            "min": 0.0,
            "max": 0.0,
            "count": 500
        },
        "Climber.Environment.LessonNumber.take_actions_between_decisions.sum": {
            "value": 0.0,
            "min": 0.0,
            "max": 0.0,
            "count": 500
        },
        "Climber.Environment.LessonNumber.agent_max_step.mean": {
            "value": 0.0,
            "min": 0.0,
            "max": 0.0,
            "count": 500
        },
        "Climber.Environment.LessonNumber.agent_max_step.sum": {
            "value": 0.0,
            "min": 0.0,
            "max": 0.0,
            "count": 500
        },
        "Climber.Environment.LessonNumber.motor_multiplier.mean": {
            "value": 0.0,
            "min": 0.0,
            "max": 0.0,
            "count": 500
        },
        "Climber.Environment.LessonNumber.motor_multiplier.sum": {
            "value": 0.0,
            "min": 0.0,
            "max": 0.0,
            "count": 500
        },
        "Climber.Environment.LessonNumber.strain_threshold.mean": {
            "value": 0.0,
            "min": 0.0,
            "max": 0.0,
            "count": 500
        },
        "Climber.Environment.LessonNumber.strain_threshold.sum": {
            "value": 0.0,
            "min": 0.0,
            "max": 0.0,
            "count": 500
        },
        "Climber.Environment.LessonNumber.strain_penalty_scale.mean": {
            "value": 0.0,
            "min": 0.0,
            "max": 0.0,
            "count": 500
        },
        "Climber.Environment.LessonNumber.strain_penalty_scale.sum": {
            "value": 0.0,
            "min": 0.0,
            "max": 0.0,
            "count": 500
        },
        "Climber.Environment.LessonNumber.fall_y_threshold.mean": {
            "value": 0.0,
            "min": 0.0,
            "max": 0.0,
            "count": 500
        },
        "Climber.Environment.LessonNumber.fall_y_threshold.sum": {
            "value": 0.0,
            "min": 0.0,
            "max": 0.0,
            "count": 500
        },
        "Climber.Environment.LessonNumber.fall_penalty.mean": {
            "value": 0.0,
            "min": 0.0,
            "max": 0.0,
            "count": 500
        },
        "Climber.Environment.LessonNumber.fall_penalty.sum": {
            "value": 0.0,
            "min": 0.0,
            "max": 0.0,
            "count": 500
        },
        "Climber.Step.mean": {
            "value": 500000.0,
            "min": 1000.0,
            "max": 500000.0,
            "count": 500
        },
        "Climber.Step.sum": {
            "value": 500000.0,
            "min": 1000.0,
            "max": 500000.0,
            "count": 500
        },
        "Climber.Policy.ExtrinsicValueEstimate.mean": {
            "value": -0.004842434544116259,
            "min": -0.036530837416648865,
            "max": 0.06681327521800995,
            "count": 500
        },
        "Climber.Policy.ExtrinsicValueEstimate.sum": {
            "value": -0.004842434544116259,
            "min": -0.036530837416648865,
            "max": 0.06681327521800995,
            "count": 500
        },
        "Climber.IsTraining.mean": {
            "value": 1.0,
            "min": 1.0,
            "max": 1.0,
            "count": 500
        },
        "Climber.IsTraining.sum": {
            "value": 1.0,
            "min": 1.0,
            "max": 1.0,
            "count": 500
        },
        "Climber.Environment.EpisodeLength.mean": {
            "value": 4999.0,
            "min": 4999.0,
            "max": 4999.0,
            "count": 100
        },
        "Climber.Environment.EpisodeLength.sum": {
            "value": 4999.0,
            "min": 4999.0,
            "max": 4999.0,
            "count": 100
        },
        "Climber.Environment.CumulativeReward.mean": {
            "value": 0.23087104596197605,
            "min": -0.27895902656018734,