{"count":1,"self":26396.286976,"total":39035.420335899995,"children":{"InitializeActuators":{"count":1,"self":0.0020003,"total":0.0020003,"children":null},"InitializeSensors":{"count":1,"self":0.0010299999999999999,"total":0.0010299999999999999,"children":null},"AgentSendState":{"count":7666487,"self":14.891575999999999,"total":138.23685419999998,"children":{"CollectObservations":{"count":1533298,"self":98.927961599999989,"total":98.927961,"children":null},"WriteActionMask":{"count":1533298,"self":1.5380766,"total":1.5380766,"children":null},"RequestDecision":{"count":1533298,"self":5.7316176,"total":22.8792412,"children":{"AgentInfo.ToProto":{"count":1533298,"self":5.5933639999999993,"total":17.147623499999998,"children":{"GenerateSensorData":{"count":1533298,"self":11.554259199999999,"total":11.5542593,"children":null}}}}}}},"DecideAction":{"count":7666487,"self":11121.5230976,"total":11121.5229043,"children":null},"AgentAct":{"count":7666487,"self":1379.355136,"total":1379.3701025,"children":{"AgentInfo.ToProto":{"count":1571,"self":0.0070037999999999993,"total":0.0150056,"children":{"GenerateSensorData":{"count":1571,"self":0.0080018,"total":0.0080018,"children":null}}}}}},"gauges":{"Climber.CumulativeReward":{"count":1571,"max":0.0332682729,"min":-1.57652164,"runningAverage":-0.251594961,"value":-1.52959871,"weightedAverage":-0.950543642}},"metadata":{"timer_format_version":"0.1.0","start_time_seconds":"1775632214","unity_version":"6000.3.10f1","command_line_arguments":"C:\\Program Files\\Unity\\Hub\\Editor\\6000.3.10f1\\Editor\\Unity.exe -projectpath D:\\projects\\unity\\WallClimber\\WallClimber -acceptSoftwareTermsForThisRunOnly -useHub -hubIPC -cloudEnvironment production","communication_protocol_version":"1.5.0","com.unity.ml-agents_version":"4.0.2","scene_name":"WallClimberGrips","end_time_seconds":"1775671249"}}