{"count":1,"self":481.63563519999997,"total":11284.482208899999,"children":{"InitializeActuators":{"count":1,"self":0.00099969999999999985,"total":0.00099969999999999985,"children":null},"InitializeSensors":{"count":1,"self":0.0019992,"total":0.0019992,"children":null},"AgentSendState":{"count":2002001,"self":6.2999488,"total":50.667823399999996,"children":{"CollectObservations":{"count":1001001,"self":29.1863104,"total":29.186311999999997,"children":null},"WriteActionMask":{"count":1001001,"self":1.0410743999999998,"total":1.0410743999999998,"children":null},"RequestDecision":{"count":1001001,"self":3.4676139999999998,"total":14.1404883,"children":{"AgentInfo.ToProto":{"count":1001001,"self":3.3955135999999997,"total":10.672874199999999,"children":{"GenerateSensorData":{"count":1001001,"self":7.2773607999999994,"total":7.2773607999999994,"children":null}}}}}}},"DecideAction":{"count":2002001,"self":9870.2573567999989,"total":9870.2575728,"children":null},"AgentAct":{"count":2002001,"self":881.9126272,"total":881.9166518,"children":{"AgentInfo.ToProto":{"count":200,"self":0,"total":0.0040008,"children":{"GenerateSensorData":{"count":200,"self":0.0040008,"total":0.0040008,"children":null}}}}}},"gauges":{"Climber.CumulativeReward":{"count":200,"max":149.454788,"min":0.9137302,"runningAverage":38.4203224,"value":99.6021,"weightedAverage":71.72962}},"metadata":{"timer_format_version":"0.1.0","start_time_seconds":"1776005165","unity_version":"6000.3.10f1","command_line_arguments":"C:\\Program Files\\Unity\\Hub\\Editor\\6000.3.10f1\\Editor\\Unity.exe -projectpath D:\\projects\\unity\\WallClimber\\WallClimber -acceptSoftwareTermsForThisRunOnly -useHub -hubIPC -cloudEnvironment production","communication_protocol_version":"1.5.0","com.unity.ml-agents_version":"4.0.2","scene_name":"WallClimberGrips","end_time_seconds":"1776016449"}}