{
    "name": "root",
    "metadata": {
        "timer_format_version": "0.1.0",
        "start_time_seconds": "1775596810",
        "python_version": "3.11.14 (main, Dec  9 2025, 18:59:10) [MSC v.1944 64 bit (AMD64)]",
        "command_line_arguments": "D:\\projects\\unity\\WallClimber\\WallClimber\\.venv\\Scripts\\mlagents-learn Assets/climber.yaml --run-id=WallClimberGrips --force",
        "mlagents_version": "1.1.0",
        "mlagents_envs_version": "1.1.0",
        "communication_protocol_version": "1.5.0",
        "pytorch_version": "2.5.1+cu118",
        "numpy_version": "1.23.5",
        "end_time_seconds": "1775596907"
    },
    "total": 97.34013820000109,
    "count": 1,
    "self": 0.003914199987775646,
    "children": {
        "run_training.setup": {
            "total": 0.08468480000738055,
            "count": 1,
            "self": 0.08468480000738055
        },
        "TrainerController.start_learning": {
            "total": 97.25153920000594,
            "count": 1,
            "self": 0.058698399414424784,
            "children": {
                "TrainerController._reset_env": {
                    "total": 10.795012100003078,
                    "count": 1,
                    "self": 10.795012100003078
                },
                "TrainerController.advance": {
                    "total": 86.3897071005922,
                    "count": 5271,
                    "self": 0.05405630146560725,
                    "children": {
                        "env_step": {
                            "total": 86.06312109912687,
                            "count": 5271,
                            "self": 63.62006210022082,
                            "children": {
                                "SubprocessEnvManager._take_step": {
                                    "total": 22.408793298905948,
                                    "count": 5271,
                                    "self": 0.18653309902583715,
                                    "children": {
                                        "TorchPolicy.evaluate": {
                                            "total": 22.22226019988011,
                                            "count": 5271,
                                            "self": 22.22226019988011
                                        }
                                    }
                                },
                                "workers": {
                                    "total": 0.034265700000105426,
                                    "count": 5270,
                                    "self": 0.0,
                                    "children": {
                                        "worker_root": {
                                            "total": 44.31851269961044,
                                            "count": 5270,
                                            "is_parallel": true,
                                            "self": 27.504102599952603,
                                            "children": {
                                                "steps_from_proto": {
                                                    "total": 0.00026369999977760017,
                                                    "count": 1,
                                                    "is_parallel": true,
                                                    "self": 0.00014670001110062003,
                                                    "children": {
                                                        "_process_rank_one_or_two_observation": {
                                                            "total": 0.00011699998867698014,
                                                            "count": 2,
                                                            "is_parallel": true,
                                                            "self": 0.00011699998867698014
                                                        }
                                                    }
                                                },
                                                "UnityEnvironment.step": {
                                                    "total": 16.814146399658057,
                                                    "count": 5270,
                                                    "is_parallel": true,
                                                    "self": 0.18744449951918796,
                                                    "children": {
                                                        "UnityEnvironment._generate_step_input": {
                                                            "total": 0.5250432989851106,
                                                            "count": 5270,
                                                            "is_parallel": true,
                                                            "self": 0.5250432989851106
                                                        },
                                                        "communicator.exchange": {
                                                            "total": 15.276953500506352,
                                                            "count": 5270,
                                                            "is_parallel": true,
                                                            "self": 15.276953500506352
                                                        },
                                                        "steps_from_proto": {
                                                            "total": 0.8247051006474067,
                                                            "count": 5270,
                                                            "is_parallel": true,
                                                            "self": 0.5171784008853137,
                                                            "children": {
                                                                "_process_rank_one_or_two_observation": {
                                                                    "total": 0.3075266997620929,
                                                                    "count": 10540,
                                                                    "is_parallel": true,
                                                                    "self": 0.3075266997620929
                                                                }
                                                            }
                                                        }
                                                    }
                                                }
                                            }
                                        }
                                    }
                                }
                            }
                        },
                        "trainer_advance": {
                            "total": 0.27252969999972265,
                            "count": 5270,
                            "self": 0.06460939963290002,
                            "children": {
                                "process_trajectory": {
                                    "total": 0.20792030036682263,
                                    "count": 5270,
                                    "self": 0.20792030036682263
                                }
                            }
                        }
                    }
                },
                "trainer_threads": {
                    "total": 7.999915396794677e-07,
                    "count": 1,
                    "self": 7.999915396794677e-07
                },
                "TrainerController._save_models": {
                    "total": 0.008120800004689954,
                    "count": 1,
                    "self": 2.7400004910305142e-05,