{
    "name": "root",
    "metadata": {
        "timer_format_version": "0.1.0",
        "start_time_seconds": "1775593548",
        "python_version": "3.11.14 (main, Dec  9 2025, 18:59:10) [MSC v.1944 64 bit (AMD64)]",
        "command_line_arguments": "D:\\projects\\unity\\WallClimber\\WallClimber\\.venv\\Scripts\\mlagents-learn Assets/climber.yaml --run-id=WallClimberGrips --force",
        "mlagents_version": "1.1.0",
        "mlagents_envs_version": "1.1.0",
        "communication_protocol_version": "1.5.0",
        "pytorch_version": "2.5.1+cu118",
        "numpy_version": "1.23.5",
        "end_time_seconds": "1775593669"
    },
    "total": 120.2848823999957,
    "count": 1,
    "self": 0.0037976000021444634,
    "children": {
        "run_training.setup": {
            "total": 0.09589599999890197,
            "count": 1,
            "self": 0.09589599999890197
        },
        "TrainerController.start_learning": {
            "total": 120.18518879999465,
            "count": 1,
            "self": 0.1174919994227821,
            "children": {
                "TrainerController._reset_env": {
                    "total": 26.29208150001068,
                    "count": 1,
                    "self": 26.29208150001068
                },
                "TrainerController.advance": {
                    "total": 93.56044450055924,
                    "count": 10439,
                    "self": 0.11218630107759964,
                    "children": {
                        "env_step": {
                            "total": 91.05825409971294,
                            "count": 10439,
                            "self": 46.45125420083059,
                            "children": {
                                "SubprocessEnvManager._take_step": {
                                    "total": 44.537395599487354,
                                    "count": 10439,
                                    "self": 0.3468932987161679,
                                    "children": {
                                        "TorchPolicy.evaluate": {
                                            "total": 44.190502300771186,
                                            "count": 9971,
                                            "self": 44.190502300771186
                                        }
                                    }
                                },
                                "workers": {
                                    "total": 0.0696042993949959,
                                    "count": 10438,
                                    "self": 0.0,
                                    "children": {
                                        "worker_root": {
                                            "total": 92.86091580033826,
                                            "count": 10438,
                                            "is_parallel": true,
                                            "self": 57.90100839998922,
                                            "children": {
                                                "steps_from_proto": {
                                                    "total": 0.0006204999954206869,
                                                    "count": 1,
                                                    "is_parallel": true,
                                                    "self": 0.0004473999870242551,
                                                    "children": {
                                                        "_process_rank_one_or_two_observation": {
                                                            "total": 0.0001731000083964318,
                                                            "count": 2,
                                                            "is_parallel": true,
                                                            "self": 0.0001731000083964318
                                                        }
                                                    }
                                                },
                                                "UnityEnvironment.step": {
                                                    "total": 34.95928690035362,
                                                    "count": 10438,
                                                    "is_parallel": true,
                                                    "self": 0.36418439967383165,
                                                    "children": {
                                                        "UnityEnvironment._generate_step_input": {
                                                            "total": 0.9666671998274978,
                                                            "count": 10438,
                                                            "is_parallel": true,
                                                            "self": 0.9666671998274978
                                                        },
                                                        "communicator.exchange": {
                                                            "total": 32.09600890034926,
                                                            "count": 10438,
                                                            "is_parallel": true,
                                                            "self": 32.09600890034926
                                                        },
                                                        "steps_from_proto": {
                                                            "total": 1.5324264005030273,
                                                            "count": 10438,
                                                            "is_parallel": true,
                                                            "self": 0.9884643998666434,
                                                            "children": {
                                                                "_process_rank_one_or_two_observation": {
                                                                    "total": 0.5439620006363839,
                                                                    "count": 20876,
                                                                    "is_parallel": true,
                                                                    "self": 0.5439620006363839
                                                                }
                                                            }
                                                        }
                                                    }
                                                }
                                            }
                                        }
                                    }
                                }
                            }
                        },
                        "trainer_advance": {
                            "total": 2.390004099768703,
                            "count": 10438,
                            "self": 0.14252120086166542,
                            "children": {
                                "process_trajectory": {
                                    "total": 2.2474828989070375,
                                    "count": 10438,
                                    "self": 2.2474828989070375
                                }
                            }
                        }
                    }
                },
                "trainer_threads": {
                    "total": 8.00006091594696e-07,
                    "count": 1,
                    "self": 8.00006091594696e-07
                },
                "TrainerController._save_models": {
                    "total": 0.21516999999585096,
                    "count": 1,
                    "self": 0.0009000999998534098,