{
    "name": "root",
    "metadata": {
        "timer_format_version": "0.1.0",
        "start_time_seconds": "1775631514",
        "python_version": "3.11.14 (main, Dec  9 2025, 18:59:10) [MSC v.1944 64 bit (AMD64)]",
        "command_line_arguments": "D:\\projects\\unity\\WallClimber\\WallClimber\\.venv\\Scripts\\mlagents-learn Assets/climber.yaml --run-id=WallClimberGrips --force",
        "mlagents_version": "1.1.0",
        "mlagents_envs_version": "1.1.0",
        "communication_protocol_version": "1.5.0",
        "pytorch_version": "2.5.1+cu118",
        "numpy_version": "1.23.5",
        "end_time_seconds": "1775631607"
    },
    "total": 92.90873650001595,
    "count": 1,
    "self": 0.00415310004609637,
    "children": {
        "run_training.setup": {
            "total": 0.0857751999865286,
            "count": 1,
            "self": 0.0857751999865286
        },
        "TrainerController.start_learning": {
            "total": 92.81880819998332,
            "count": 1,
            "self": 0.0049813996884040534,
            "children": {
                "TrainerController._reset_env": {
                    "total": 14.393177999998443,
                    "count": 1,
                    "self": 14.393177999998443
                },
                "TrainerController.advance": {
                    "total": 78.26339400029974,
                    "count": 401,
                    "self": 0.004108300345251337,
                    "children": {
                        "env_step": {
                            "total": 78.2542753003363,
                            "count": 401,
                            "self": 76.23044670035597,
                            "children": {
                                "SubprocessEnvManager._take_step": {
                                    "total": 2.021087000000989,
                                    "count": 401,
                                    "self": 0.014071400073589757,
                                    "children": {
                                        "TorchPolicy.evaluate": {
                                            "total": 2.0070155999273993,
                                            "count": 401,
                                            "self": 2.0070155999273993
                                        }
                                    }
                                },
                                "workers": {
                                    "total": 0.0027415999793447554,
                                    "count": 400,
                                    "self": 0.0,
                                    "children": {
                                        "worker_root": {
                                            "total": 16.77794429997448,
                                            "count": 400,
                                            "is_parallel": true,
                                            "self": 3.766953299927991,
                                            "children": {
                                                "steps_from_proto": {
                                                    "total": 0.00025919999461621046,
                                                    "count": 1,
                                                    "is_parallel": true,
                                                    "self": 0.00014540000120177865,
                                                    "children": {
                                                        "_process_rank_one_or_two_observation": {
                                                            "total": 0.00011379999341443181,
                                                            "count": 2,
                                                            "is_parallel": true,
                                                            "self": 0.00011379999341443181
                                                        }
                                                    }
                                                },
                                                "UnityEnvironment.step": {
                                                    "total": 13.010731800051872,
                                                    "count": 400,
                                                    "is_parallel": true,
                                                    "self": 0.07008380003389902,
                                                    "children": {
                                                        "UnityEnvironment._generate_step_input": {
                                                            "total": 0.04073650011559948,
                                                            "count": 400,
                                                            "is_parallel": true,
                                                            "self": 0.04073650011559948
                                                        },
                                                        "communicator.exchange": {
                                                            "total": 12.830454000009922,
                                                            "count": 400,
                                                            "is_parallel": true,
                                                            "self": 12.830454000009922
                                                        },
                                                        "steps_from_proto": {
                                                            "total": 0.06945749989245087,
                                                            "count": 400,
                                                            "is_parallel": true,
                                                            "self": 0.04125490039587021,
                                                            "children": {
                                                                "_process_rank_one_or_two_observation": {
                                                                    "total": 0.02820259949658066,
                                                                    "count": 800,
                                                                    "is_parallel": true,
                                                                    "self": 0.02820259949658066
                                                                }
                                                            }
                                                        }
                                                    }
                                                }
                                            }
                                        }
                                    }
                                }
                            }
                        },
                        "trainer_advance": {
                            "total": 0.005010399618186057,
                            "count": 400,
                            "self": 0.0034448996011633426,
                            "children": {
                                "process_trajectory": {
                                    "total": 0.001565500017022714,
                                    "count": 400,
                                    "self": 0.001565500017022714
                                }
                            }
                        }
                    }
                },
                "TrainerController._save_models": {
                    "total": 0.15725479999673553,
                    "count": 1,
                    "self": 0.0012518999865278602,
                    "children": {
                        "RLTrainer._checkpoint": {
                            "total": 0.15600290001020767,
                            "count": 1,