{
    "name": "root",
    "gauges": {
        "Climber.Policy.Entropy.mean": {
            "value": 2.010732650756836,
            "min": 1.529545783996582,
            "max": 2.808213472366333,
            "count": 500
        },
        "Climber.Policy.Entropy.sum": {
            "value": 2010.7325439453125,
            "min": 1529.5457763671875,
            "max": 5610.439453125,
            "count": 500
        },
        "Climber.Climber.Height.mean": {
            "value": 3.2297749093634773,
            "min": -1.3741411432921886,
            "max": 15.472366515636445,
            "count": 500
        },
        "Climber.Climber.Height.sum": {
            "value": 6459.549818726955,
            "min": -2748.2822865843773,
            "max": 30944.73303127289,
            "count": 500
        },
        "Climber.Climber.VelocityY.mean": {
            "value": -0.07410313452919945,
            "min": -0.3158650350011594,
            "max": 0.2279262103779474,
            "count": 500
        },
        "Climber.Climber.VelocityY.sum": {
            "value": -148.2062690583989,
            "min": -631.7300700023188,
            "max": 455.85242075589485,
            "count": 500
        },
        "Climber.Climber.VelocityX.mean": {
            "value": 0.17872218134766443,
            "min": -0.1452913236231543,
            "max": 0.28677620531240244,
            "count": 500
        },
        "Climber.Climber.VelocityX.sum": {
            "value": 357.4443626953289,
            "min": -290.5826472463086,
            "max": 573.5524106248049,
            "count": 500
        },
        "Climber.Climber.Strain.mean": {
            "value": 441.90465922522543,
            "min": 51.69877632427215,
            "max": 5783.933931847096,
            "count": 500
        },
        "Climber.Climber.Strain.sum": {
            "value": 883809.3184504509,
            "min": 103397.55264854431,
            "max": 11567867.863694191,
            "count": 500
        },
        "Climber.Climber.Gripping0.mean": {
            "value": 0.5705,
            "min": 0.0,
            "max": 0.773,
            "count": 500
        },
        "Climber.Climber.Gripping0.sum": {
            "value": 1141.0,
            "min": 0.0,
            "max": 1546.0,
            "count": 500
        },
        "Climber.Climber.Gripping1.mean": {
            "value": 0.533,
            "min": 0.0,
            "max": 1.0,
            "count": 500
        },
        "Climber.Climber.Gripping1.sum": {
            "value": 1066.0,
            "min": 0.0,
            "max": 2000.0,
            "count": 500
        },
        "Climber.Environment.LessonNumber.decision_period.mean": {
            "value": 0.0,
            "min": 0.0,
            "max": 0.0,
            "count": 500
        },
        "Climber.Environment.LessonNumber.decision_period.sum": {
            "value": 0.0,
            "min": 0.0,
            "max": 0.0,
            "count": 500
        },
        "Climber.Environment.LessonNumber.decision_step.mean": {
            "value": 0.0,
            "min": 0.0,
            "max": 0.0,
            "count": 500
        },
        "Climber.Environment.LessonNumber.decision_step.sum": {
            "value": 0.0,
            "min": 0.0,
            "max": 0.0,
            "count": 500
        },
        "Climber.Environment.LessonNumber.take_actions_between_decisions.mean": {
            "value": 0.0,
            "min": 0.0,
            "max": 0.0,
            "count": 500
        },
        "Climber.Environment.LessonNumber.take_actions_between_decisions.sum": {
            "value": 0.0,
            "min": 0.0,
            "max": 0.0,
            "count": 500
        },
        "Climber.Environment.LessonNumber.agent_max_step.mean": {
            "value": 0.0,
            "min": 0.0,
            "max": 0.0,
            "count": 500
        },
        "Climber.Environment.LessonNumber.agent_max_step.sum": {
            "value": 0.0,
            "min": 0.0,
            "max": 0.0,
            "count": 500
        },
        "Climber.Environment.LessonNumber.motor_multiplier.mean": {
            "value": 0.0,
            "min": 0.0,
            "max": 0.0,
            "count": 500
        },
        "Climber.Environment.LessonNumber.motor_multiplier.sum": {
            "value": 0.0,
            "min": 0.0,
            "max": 0.0,
            "count": 500
        },
        "Climber.Environment.LessonNumber.strain_threshold.mean": {
            "value": 0.0,
            "min": 0.0,
            "max": 0.0,
            "count": 500
        },
        "Climber.Environment.LessonNumber.strain_threshold.sum": {
            "value": 0.0,
            "min": 0.0,
            "max": 0.0,
            "count": 500
        },
        "Climber.Environment.LessonNumber.strain_penalty_scale.mean": {
            "value": 0.0,
            "min": 0.0,
            "max": 0.0,
            "count": 500
        },
        "Climber.Environment.LessonNumber.strain_penalty_scale.sum": {
            "value": 0.0,
            "min": 0.0,
            "max": 0.0,
            "count": 500
        },
        "Climber.Environment.LessonNumber.fall_y_threshold.mean": {
            "value": 0.0,
            "min": 0.0,
            "max": 0.0,
            "count": 500
        },
        "Climber.Environment.LessonNumber.fall_y_threshold.sum": {
            "value": 0.0,
            "min": 0.0,
            "max": 0.0,
            "count": 500
        },
        "Climber.Environment.LessonNumber.fall_penalty.mean": {
            "value": 0.0,
            "min": 0.0,
            "max": 0.0,
            "count": 500
        },
        "Climber.Environment.LessonNumber.fall_penalty.sum": {
            "value": 0.0,
            "min": 0.0,
            "max": 0.0,
            "count": 500
        },
        "Climber.Step.mean": {
            "value": 500000.0,
            "min": 1000.0,
            "max": 500000.0,
            "count": 500
        },
        "Climber.Step.sum": {
            "value": 500000.0,
            "min": 1000.0,
            "max": 500000.0,
            "count": 500
        },
        "Climber.Policy.ExtrinsicValueEstimate.mean": {
            "value": 0.0016742630396038294,
            "min": -0.04849865287542343,
            "max": 0.06321584433317184,
            "count": 500
        },
        "Climber.Policy.ExtrinsicValueEstimate.sum": {
            "value": 0.0016742630396038294,
            "min": -0.04849865287542343,
            "max": 0.06321584433317184,
            "count": 500
        },
        "Climber.IsTraining.mean": {
            "value": 1.0,
            "min": 1.0,
            "max": 1.0,
            "count": 500
        },
        "Climber.IsTraining.sum": {
            "value": 1.0,
            "min": 1.0,
            "max": 1.0,
            "count": 500
        },
        "Climber.Environment.EpisodeLength.mean": {
            "value": 4999.0,
            "min": 4999.0,
            "max": 4999.0,
            "count": 100
        },
        "Climber.Environment.EpisodeLength.sum": {
            "value": 4999.0,
            "min": 4999.0,
            "max": 4999.0,
            "count": 100
        },
        "Climber.Environment.CumulativeReward.mean": {
            "value": 0.46107659488916397,
            "min": -56.27661648578942,
            "max": 0.46107659488916397,
            "count": 100
        },
        "Climber.Environment.CumulativeReward.sum": {
            "value": 0.46107659488916397,
            "min": -56.27661648578942,
            "max": 0.46107659488916397,
            "count": 100
        },
        "Climber.Policy.ExtrinsicReward.mean": {
            "value": 0.46107659488916397,
            "min": -56.27661648578942,
            "max": 0.46107659488916397,
            "count": 100
        },
        "Climber.Policy.ExtrinsicReward.sum": {
            "value": 0.46107659488916397,
            "min": -56.27661648578942,